{"test_3hop/F1":0.802,"train/epoch_loss":0.7214494361573418,"_timestamp":1.7760636861982028e+09,"test_1hop/EM":0,"test_1hop/latency_ms":4.9,"test_2hop/latency_ms":3.98,"test_2hop/EM":0,"test_3hop/latency_ms":4.27,"_wandb":{"runtime":152},"test_2hop/F1":0.1111,"train/loss":0.6254606246948242,"dev/EM":0.8017,"test_3hop/EM":0.7673,"dev/latency_ms":4.48,"_runtime":152,"test_1hop/F1":0.5179,"_step":12,"stage":1,"epoch":3,"dev/F1":0.8176,"step":200}