{"stage":1,"test_1hop/EM":0,"_wandb":{"runtime":72},"test_3hop/latency_ms":6.36,"step":200,"dev/EM":0.7975,"_timestamp":1.776065640514839e+09,"test_1hop/latency_ms":4.84,"_step":12,"test_3hop/F1":0.7974,"dev/latency_ms":4.79,"test_3hop/EM":0.7562,"_runtime":72,"test_2hop/latency_ms":5.63,"test_2hop/EM":0,"dev/F1":0.8184,"train/loss":0.6912808418273926,"test_1hop/F1":0.5,"train/epoch_loss":0.7889844819203319,"test_2hop/F1":0,"epoch":3}