{"_runtime":26,"dev/EM":0,"stage":1,"test/latency_ms":4.013419151306152,"dev/F1":0,"dev/latency_ms":0,"_wandb":{"runtime":26},"epoch":3,"_timestamp":1.7760630361225653e+09,"train/epoch_loss":5.437890529632568,"test/EM":0,"_step":6,"test/F1":0.2}