{"_timestamp":1.7760933333383894e+09,"test_2hop/latency_ms":6.08,"dev/F1":0.4349,"test_2hop/F1":0.6737,"test_3hop/EM":0.059,"test_1hop/F1":0.4876,"test_3hop/latency_ms":5.67,"step":9300,"test_2hop/EM":0.649,"stage":1,"_step":107,"train/loss":0.10849712044000626,"test_3hop/F1":0.0614,"train/epoch_loss":0.17619325255393983,"_wandb":{"runtime":22893},"dev/latency_ms":5.54,"dev/EM":0.404,"epoch":6,"test_1hop/EM":0.4485,"_runtime":22893,"test_1hop/latency_ms":5.22}