{"_runtime":3958,"_wandb":{"runtime":3958},"train/loss":0.4506986737251282,"dev/F1":0.4517,"test_2hop/F1":0.6413,"test_2hop/EM":0.602,"step":1400,"_timestamp":1.7760697975446131e+09,"test_1hop/latency_ms":4.53,"test_2hop/latency_ms":4.1,"test_3hop/latency_ms":6.7,"train/epoch_loss":0.5598977894337573,"test_3hop/EM":0.06,"stage":1,"test_1hop/F1":0.628,"_step":36,"dev/latency_ms":5.11,"test_3hop/F1":0.0648,"epoch":3,"dev/EM":0.4173,"test_1hop/EM":0.571}